"research_dictionary_id";"term";"frequency";"type_"
"268317";"universidade";"1753";"ABSTRACT"
"400338";"congresso";"1228";"SPEAKER"
"268318";"federal";"1175";"ABSTRACT"
"400375";"encontro";"1160";"SPEAKER"
"268731";"inovação";"975";"ABSTRACT"
"268420";"graduação";"973";"ABSTRACT"
"268342";"tecnologia";"870";"ABSTRACT"
"78859";"estudo";"852";"ARTICLE"
"400346";"seminário";"849";"SPEAKER"
"78440";"análise";"828";"ARTICLE"
"268374";"pós";"707";"ABSTRACT"
"268329";"mestrado";"702";"ABSTRACT"
"400339";"internacional";"654";"SPEAKER"
"400385";"semana";"653";"SPEAKER"
"268462";"gestão";"637";"ABSTRACT"
"78549";"brasil";"636";"ARTICLE"
"78690";"sobre";"626";"ARTICLE"
"268504";"pesquisa";"608";"ABSTRACT"
"400376";"nacional";"597";"SPEAKER"
"268333";"doutorado";"589";"ABSTRACT"
"268383";"área";"576";"ABSTRACT"
"268389";"engenharia";"549";"ABSTRACT"
"401057";"brasileiro";"548";"SPEAKER"
"78736";"brazil";"536";"ARTICLE"
"79894";"produção";"535";"ARTICLE"
"268397";"professor";"530";"ABSTRACT"
"268727";"propriedade";"509";"ABSTRACT"
"268345";"química";"504";"ABSTRACT"
"268551";"programa";"496";"ABSTRACT"
"400664";"simpósio";"493";"SPEAKER"
"79494";"inovação";"483";"ARTICLE"
"268728";"intelectual";"479";"ABSTRACT"
"78903";"desenvolvimento";"468";"ARTICLE"
"400630";"inovação";"462";"SPEAKER"
"400456";"pesquisa";"448";"SPEAKER"
"78538";"avaliação";"447";"ARTICLE"
"400353";"iii";"440";"SPEAKER"
"78703";"study";"437";"ARTICLE"
"268442";"ciências";"430";"ABSTRACT"
"79186";"analysis";"428";"ARTICLE"
"78860";"caso";"421";"ARTICLE"
"268560";"desenvolvimento";"421";"ABSTRACT"
"268341";"ciência";"420";"ABSTRACT"
"269395";"administração";"410";"ABSTRACT"
"268729";"transferência";"409";"ABSTRACT"
"78689";"tecnológica";"407";"ARTICLE"
"268308";"possui";"407";"ABSTRACT"
"268382";"experiência";"403";"ABSTRACT"
"78676";"using";"397";"ARTICLE"
"268391";"atualmente";"394";"ABSTRACT"
"337552";"processo";"391";"PATENT"
"78587";"gestão";"382";"ARTICLE"
"79699";"characterization";"374";"ARTICLE"
"78691";"uso";"346";"ARTICLE"
"268338";"instituto";"346";"ABSTRACT"
"79471";"ensino";"338";"ARTICLE"
"400743";"tecnologia";"335";"SPEAKER"
"78622";"brazilian";"327";"ARTICLE"
"401192";"workshop";"322";"SPEAKER"
"268732";"profnit";"321";"ABSTRACT"
"268340";"educação";"319";"ABSTRACT"
"268598";"membro";"309";"ABSTRACT"
"79220";"estado";"307";"ARTICLE"
"79479";"activity";"305";"ARTICLE"
"79798";"production";"301";"ARTICLE"
"81237";"inovação";"301";"BOOK_CHAPTER"
"268969";"tecnológica";"291";"ABSTRACT"
"79810";"evaluation";"290";"ARTICLE"
"78881";"social";"280";"ARTICLE"
"81917";"based";"280";"ARTICLE"
"268446";"ênfase";"280";"ABSTRACT"
"82949";"biodiesel";"279";"ARTICLE"
"400350";"educação";"279";"SPEAKER"
"79770";"properties";"278";"ARTICLE"
"78687";"prospecção";"278";"ARTICLE"
"400368";"científica";"273";"SPEAKER"
"400498";"sobre";"271";"SPEAKER"
"269342";"saúde";"271";"ABSTRACT"
"401209";"engenharia";"263";"SPEAKER"
"268997";"curso";"261";"ABSTRACT"
"401255";"administração";"260";"SPEAKER"
"79776";"oil";"260";"ARTICLE"
"268582";"coordenador";"255";"ABSTRACT"
"268583";"projetos";"254";"ABSTRACT"
"269371";"estadual";"252";"ABSTRACT"
"401210";"gestão";"251";"SPEAKER"
"268946";"atuando";"251";"ABSTRACT"
"79875";"processo";"247";"ARTICLE"
"268559";"profissional";"244";"ABSTRACT"
"79318";"tecnologia";"241";"ARTICLE"
"400600";"ciência";"240";"SPEAKER"
"93161";"venom";"240";"ARTICLE"
"78624";"development";"240";"ARTICLE"
"268337";"docente";"240";"ABSTRACT"
"80217";"educação";"239";"ARTICLE"
"268714";"professora";"239";"ABSTRACT"
"400575";"desenvolvimento";"236";"SPEAKER"
"80181";"empresas";"235";"ARTICLE"
"268949";"temas";"233";"ABSTRACT"
"401001";"iniciação";"232";"SPEAKER"
"79988";"análise";"232";"BOOK_CHAPTER"
"78635";"effect";"230";"ARTICLE"
"400410";"international";"229";"SPEAKER"
"78324";"estudo";"228";"BOOK_CHAPTER"
"82598";"bahia";"228";"ARTICLE"
"79498";"new";"219";"ARTICLE"
"84047";"effects";"218";"ARTICLE"
"268401";"centro";"218";"ABSTRACT"
"268432";"rio";"214";"ABSTRACT"
"401324";"graduação";"213";"SPEAKER"
"268453";"atua";"210";"ABSTRACT"
"401690";"vii";"209";"SPEAKER"
"78258";"sobre";"209";"BOOK_CHAPTER"
"268509";"bahia";"208";"ABSTRACT"
"270074";"computação";"207";"ABSTRACT"
"268948";"seguintes";"207";"ABSTRACT"
"268454";"principalmente";"205";"ABSTRACT"
"400605";"regional";"201";"SPEAKER"
"400458";"extensão";"201";"SPEAKER"
"401323";"pós";"201";"SPEAKER"
"80078";"rio";"201";"ARTICLE"
"78509";"desenvolvimento";"200";"BOOK_CHAPTER"
"79068";"sistema";"200";"ARTICLE"
"269377";"produção";"200";"ABSTRACT"
"78756";"brasil";"198";"BOOK_CHAPTER"
"79883";"patentes";"198";"ARTICLE"
"80648";"qualidade";"197";"ARTICLE"
"270517";"alimentos";"196";"ABSTRACT"
"268351";"mestre";"196";"ABSTRACT"
"337538";"obtenção";"196";"PATENT"
"401366";"tecnológica";"195";"SPEAKER"
"400380";"conference";"194";"SPEAKER"
"78556";"different";"194";"ARTICLE"
"80054";"amazon";"194";"ARTICLE"
"400367";"jornada";"192";"SPEAKER"
"269470";"sistemas";"190";"ABSTRACT"
"78432";"saúde";"189";"ARTICLE"
"79466";"aplicação";"188";"ARTICLE"
"269016";"grupo";"188";"ABSTRACT"
"80969";"state";"187";"ARTICLE"
"268781";"coordenadora";"187";"ABSTRACT"
"401399";"propriedade";"187";"SPEAKER"
"268327";"ensino";"186";"ABSTRACT"
"268919";"nacional";"185";"ABSTRACT"
"78289";"partir";"183";"ARTICLE"
"80303";"revisão";"183";"ARTICLE"
"400533";"fórum";"183";"SPEAKER"
"400403";"curso";"181";"SPEAKER"
"401540";"ciências";"181";"SPEAKER"
"78706";"water";"181";"ARTICLE"
"83075";"acid";"181";"ARTICLE"
"80016";"universidade";"180";"ARTICLE"
"93159";"bothrops";"180";"ARTICLE"
"268508";"estado";"180";"ABSTRACT"
"78577";"diferentes";"179";"ARTICLE"
"80231";"município";"179";"ARTICLE"
"80017";"federal";"177";"ARTICLE"
"143505";"snake";"176";"ARTICLE"
"78594";"potential";"176";"ARTICLE"
"79452";"application";"176";"ARTICLE"
"82744";"ensino";"173";"BOOK_CHAPTER"
"78610";"caracterização";"172";"ARTICLE"
"401400";"intelectual";"172";"SPEAKER"
"400873";"viii";"171";"SPEAKER"
"269165";"biotecnologia";"171";"ABSTRACT"
"268361";"quot";"170";"ABSTRACT"
"269724";"desde";"169";"ABSTRACT"
"79411";"review";"167";"ARTICLE"
"337518";"uso";"167";"PATENT"
"79398";"influence";"166";"ARTICLE"
"268557";"industrial";"165";"ABSTRACT"
"79973";"use";"164";"ARTICLE"
"269777";"campus";"164";"ABSTRACT"
"82066";"conhecimento";"163";"ARTICLE"
"79815";"system";"163";"ARTICLE"
"80021";"propriedade";"162";"ARTICLE"
"268613";"cnpq";"162";"ABSTRACT"
"78818";"setor";"161";"ARTICLE"
"85924";"vitro";"161";"ARTICLE"
"79381";"inovação";"161";"BOOK"
"81088";"região";"161";"ARTICLE"
"83287";"ambiental";"160";"ARTICLE"
"268615";"2016";"158";"ABSTRACT"
"78246";"amazônia";"155";"ARTICLE"
"400567";"economia";"154";"SPEAKER"
"79687";"model";"154";"ARTICLE"
"80059";"management";"154";"ARTICLE"
"268970";"doutor";"154";"ABSTRACT"
"78381";"meio";"153";"ARTICLE"
"83786";"água";"152";"ARTICLE"
"81976";"utilização";"152";"ARTICLE"
"79745";"gestão";"151";"BOOK_CHAPTER"
"78866";"modelo";"151";"ARTICLE"
"400457";"ensino";"150";"SPEAKER"
"269807";"atuou";"150";"ABSTRACT"
"269192";"faculdade";"150";"ABSTRACT"
"79493";"influência";"149";"ARTICLE"
"78664";"tratamento";"149";"ARTICLE"
"78667";"chemical";"149";"ARTICLE"
"80022";"intelectual";"148";"ARTICLE"
"268316";"direito";"148";"ABSTRACT"
"268788";"2018";"148";"ABSTRACT"
"268332";"2012";"147";"ABSTRACT"
"80673";"covid";"145";"ARTICLE"
"79496";"pública";"145";"ARTICLE"
"268441";"áreas";"145";"ABSTRACT"
"268336";"2017";"144";"ABSTRACT"
"400487";"ambiente";"143";"SPEAKER"
"80718";"sob";"143";"ARTICLE"
"82885";"sistemas";"143";"ARTICLE"
"268570";"2010";"143";"ABSTRACT"
"268422";"física";"143";"ABSTRACT"
"268346";"departamento";"142";"ABSTRACT"
"268744";"2015";"142";"ABSTRACT"
"401803";"química";"142";"SPEAKER"
"268631";"2021";"141";"ABSTRACT"
"268544";"permanente";"141";"ABSTRACT"
"268896";"2014";"141";"ABSTRACT"
"400344";"sociedade";"140";"SPEAKER"
"80292";"educação";"140";"BOOK_CHAPTER"
"268597";"2013";"140";"ABSTRACT"
"400386";"acadêmica";"139";"SPEAKER"
"79804";"industrial";"139";"ARTICLE"
"80180";"mapeamento";"139";"ARTICLE"
"83390";"uso";"139";"BOOK_CHAPTER"
"268789";"2019";"139";"ABSTRACT"
"400552";"saúde";"138";"SPEAKER"
"400340";"direito";"137";"SPEAKER"
"81585";"científica";"136";"ARTICLE"
"79152";"caso";"136";"BOOK_CHAPTER"
"78590";"brasileira";"136";"ARTICLE"
"78728";"treatment";"136";"ARTICLE"
"80502";"avaliação";"136";"BOOK_CHAPTER"
"82157";"case";"136";"ARTICLE"
"400550";"social";"135";"SPEAKER"
"268321";"especialização";"135";"ABSTRACT"
"78984";"sul";"134";"ARTICLE"
"80240";"produção";"134";"BOOK_CHAPTER"
"337512";"produção";"134";"PATENT"
"79655";"química";"133";"ARTICLE"
"81341";"formação";"133";"ARTICLE"
"78613";"natural";"132";"ARTICLE"
"81176";"políticas";"132";"ARTICLE"
"84304";"synthesis";"132";"ARTICLE"
"79711";"thermal";"131";"ARTICLE"
"91789";"isolated";"131";"ARTICLE"
"78591";"pesquisa";"131";"ARTICLE"
"89565";"systems";"131";"ARTICLE"
"269374";"2020";"131";"ABSTRACT"
"269694";"2011";"131";"ABSTRACT"
"79435";"tecnologia";"130";"BOOK_CHAPTER"
"78547";"resíduos";"130";"ARTICLE"
"78719";"utilizando";"130";"ARTICLE"
"269213";"extensão";"130";"ABSTRACT"
"401012";"produção";"129";"SPEAKER"
"400474";"brasileira";"129";"SPEAKER"
"81448";"innovation";"129";"ARTICLE"
"268913";"pará";"129";"ABSTRACT"
"268750";"economia";"129";"ABSTRACT"
"337537";"método";"129";"PATENT"
"401222";"nordeste";"129";"SPEAKER"
"79055";"process";"128";"ARTICLE"
"269556";"janeiro";"128";"ABSTRACT"
"268434";"sul";"128";"ABSTRACT"
"268455";"estudos";"128";"ABSTRACT"
"269501";"2006";"128";"ABSTRACT"
"268433";"grande";"128";"ABSTRACT"
"337516";"composição";"128";"PATENT"
"78551";"brasileiro";"127";"ARTICLE"
"78670";"quality";"127";"ARTICLE"
"400988";"anual";"126";"SPEAKER"
"268381";"2008";"126";"ABSTRACT"
"85247";"mato";"125";"ARTICLE"
"81270";"propriedade";"125";"BOOK_CHAPTER"
"270757";"ufba";"125";"ABSTRACT"
"269237";"empresas";"125";"ABSTRACT"
"81877";"base";"124";"ARTICLE"
"78820";"indústria";"124";"ARTICLE"
"269389";"fundação";"123";"ABSTRACT"
"400669";"quot";"122";"SPEAKER"
"87866";"extract";"122";"ARTICLE"
"81025";"experimental";"122";"ARTICLE"
"269229";"empreendedorismo";"122";"ABSTRACT"
"400940";"universidade";"122";"SPEAKER"
"80870";"proposta";"121";"ARTICLE"
"78750";"política";"121";"ARTICLE"
"79878";"tecnologias";"121";"ARTICLE"
"79601";"ciência";"121";"ARTICLE"
"80977";"trabalho";"120";"ARTICLE"
"80507";"social";"120";"BOOK_CHAPTER"
"268764";"2009";"120";"ABSTRACT"
"86419";"human";"119";"ARTICLE"
"88549";"protein";"119";"ARTICLE"
"79098";"públicas";"119";"ARTICLE"
"268392";"pesquisador";"119";"ABSTRACT"
"269986";"pública";"119";"ABSTRACT"
"90117";"studies";"118";"ARTICLE"
"268408";"diretor";"118";"ABSTRACT"
"78910";"gestão";"117";"BOOK"
"80920";"performance";"117";"ARTICLE"
"79682";"temperature";"117";"ARTICLE"
"268571";"2022";"117";"ABSTRACT"
"268398";"titular";"117";"ABSTRACT"
"400987";"reunião";"116";"SPEAKER"
"80012";"informação";"116";"ARTICLE"
"82168";"method";"116";"ARTICLE"
"269249";"rede";"116";"ABSTRACT"
"268586";"brasil";"116";"ABSTRACT"
"80263";"tecnológico";"115";"ARTICLE"
"81271";"intelectual";"115";"BOOK_CHAPTER"
"269121";"processos";"115";"ABSTRACT"
"270133";"tecnológico";"115";"ABSTRACT"
"401849";"norte";"113";"SPEAKER"
"80924";"desempenho";"112";"ARTICLE"
"83859";"assessment";"112";"ARTICLE"
"268388";"ambiental";"112";"ABSTRACT"
"268439";"ambiente";"112";"ABSTRACT"
"108789";"cells";"111";"ARTICLE"
"269428";"núcleo";"111";"ABSTRACT"
"78284";"direito";"110";"ARTICLE"
"85245";"disease";"110";"ARTICLE"
"270159";"informação";"110";"ABSTRACT"
"268320";"2007";"110";"ABSTRACT"
"85248";"grosso";"109";"ARTICLE"
"82993";"educação";"109";"BOOK"
"78830";"relação";"109";"ARTICLE"
"269176";"especialista";"109";"ABSTRACT"
"401049";"xii";"109";"SPEAKER"
"80763";"perfil";"108";"ARTICLE"
"80819";"processo";"108";"BOOK_CHAPTER"
"268484";"projeto";"108";"ABSTRACT"
"400535";"brasil";"108";"SPEAKER"
"400423";"conferência";"107";"SPEAKER"
"86434";"atividade";"107";"ARTICLE"
"78838";"desafios";"107";"ARTICLE"
"268314";"2004";"107";"ABSTRACT"
"400486";"meio";"106";"SPEAKER"
"268328";"superior";"106";"ABSTRACT"
"400360";"amazônia";"105";"SPEAKER"
"87757";"antioxidant";"105";"ARTICLE"
"82709";"prospectivo";"105";"ARTICLE"
"100848";"structural";"105";"ARTICLE"
"81667";"construção";"105";"ARTICLE"
"87857";"compounds";"104";"ARTICLE"
"269489";"paulo";"103";"ABSTRACT"
"78611";"potencial";"102";"ARTICLE"
"143485";"phospholipase";"102";"ARTICLE"
"83092";"design";"102";"ARTICLE"
"82047";"tecnológica";"102";"BOOK_CHAPTER"
"78589";"empresa";"101";"ARTICLE"
"89737";"molecular";"101";"ARTICLE"
"80478";"projeto";"101";"ARTICLE"
"269355";"cursos";"101";"ABSTRACT"
"337694";"tratamento";"101";"PATENT"
"84727";"programa";"100";"ARTICLE"
"80223";"cidade";"99";"ARTICLE"
"79317";"controle";"99";"ARTICLE"
"87876";"induced";"99";"ARTICLE"
"78287";"processos";"99";"ARTICLE"
"337503";"sistema";"99";"PATENT"
"80144";"estado";"98";"BOOK_CHAPTER"
"82122";"local";"98";"ARTICLE"
"80216";"efeito";"98";"ARTICLE"
"268410";"pesquisas";"98";"ABSTRACT"
"337459";"dispositivo";"98";"PATENT"
"79960";"liquid";"97";"ARTICLE"
"88033";"físico";"97";"ARTICLE"
"268701";"2005";"97";"ABSTRACT"
"270125";"onde";"97";"ABSTRACT"
"271344";"conselho";"97";"ABSTRACT"
"79375";"technological";"96";"ARTICLE"
"271784";"mato";"96";"ABSTRACT"
"269008";"materiais";"96";"ABSTRACT"
"271093";"brasileira";"96";"ABSTRACT"
"78799";"contexto";"95";"ARTICLE"
"83263";"ambiente";"95";"ARTICLE"
"268487";"análise";"95";"ABSTRACT"
"271785";"grosso";"95";"ABSTRACT"
"268399";"senai";"95";"ABSTRACT"
"270846";"tecnologias";"95";"ABSTRACT"
"413625";"cirurgia";"95";"SPEAKER"
"83689";"práticas";"94";"ARTICLE"
"79546";"surface";"94";"ARTICLE"
"269402";"associado";"94";"ABSTRACT"
"268452";"aplicada";"94";"ABSTRACT"
"337486";"base";"94";"PATENT"
"80252";"percepção";"93";"ARTICLE"
"81711";"fatores";"93";"ARTICLE"
"270101";"adjunto";"93";"ABSTRACT"
"268400";"cimatec";"93";"ABSTRACT"
"337598";"contendo";"93";"PATENT"
"400357";"estudos";"92";"SPEAKER"
"81298";"mercado";"92";"ARTICLE"
"81506";"indicação";"92";"ARTICLE"
"79495";"administração";"92";"ARTICLE"
"85712";"aprendizagem";"92";"ARTICLE"
"83218";"amazônia";"92";"BOOK_CHAPTER"
"80020";"importância";"92";"ARTICLE"
"270174";"regional";"92";"ABSTRACT"
"269747";"laboratório";"91";"ABSTRACT"
"80266";"sustentável";"91";"ARTICLE"
"78634";"approach";"91";"ARTICLE"
"402150";"informação";"91";"SPEAKER"
"401903";"ciclo";"90";"SPEAKER"
"79081";"artificial";"90";"ARTICLE"
"86341";"composition";"90";"ARTICLE"
"81692";"sustentabilidade";"90";"ARTICLE"
"268425";"santa";"89";"ABSTRACT"
"80077";"manaus";"89";"ARTICLE"
"269155";"ponto";"89";"ABSTRACT"
"268801";"2003";"89";"ABSTRACT"
"401031";"ambiental";"88";"SPEAKER"
"269881";"planejamento";"88";"ABSTRACT"
"92325";"species";"88";"ARTICLE"
"78617";"waste";"88";"ARTICLE"
"86343";"profile";"88";"ARTICLE"
"81102";"amazonian";"88";"ARTICLE"
"79602";"ferramenta";"88";"ARTICLE"
"79534";"high";"88";"ARTICLE"
"78410";"saúde";"88";"BOOK_CHAPTER"
"271257";"produtos";"87";"ABSTRACT"
"81082";"transferência";"87";"ARTICLE"
"269156";"focal";"87";"ABSTRACT"
"85280";"pará";"86";"ARTICLE"
"88248";"essential";"86";"ARTICLE"
"79604";"abordagem";"86";"ARTICLE"
"80314";"pesquisa";"86";"BOOK_CHAPTER"
"401000";"programa";"85";"SPEAKER"
"400911";"xiv";"85";"SPEAKER"
"80649";"vida";"85";"ARTICLE"
"84973";"economia";"85";"ARTICLE"
"82904";"technology";"85";"ARTICLE"
"81068";"energia";"85";"ARTICLE"
"79729";"control";"85";"ARTICLE"
"268990";"ceará";"85";"ABSTRACT"
"337563";"extrato";"85";"PATENT"
"268599";"comitê";"85";"ABSTRACT"
"78297";"direitos";"84";"ARTICLE"
"83149";"carbon";"84";"ARTICLE"
"78285";"literatura";"84";"ARTICLE"
"85220";"antimicrobial";"84";"ARTICLE"
"400610";"centro";"83";"SPEAKER"
"401050";"colóquio";"83";"SPEAKER"
"79595";"física";"83";"ARTICLE"
"88301";"anti";"83";"ARTICLE"
"80114";"indicadores";"83";"ARTICLE"
"79684";"two";"83";"ARTICLE"
"87120";"digital";"83";"ARTICLE"
"81053";"aspectos";"83";"ARTICLE"
"268698";"doutora";"82";"ABSTRACT"
"269633";"científica";"82";"ABSTRACT"
"80165";"nacional";"82";"ARTICLE"
"80099";"rural";"82";"ARTICLE"
"81070";"tropical";"82";"ARTICLE"
"79380";"tecnologia";"82";"BOOK"
"268344";"bacharel";"82";"ABSTRACT"
"401693";"prospect";"81";"SPEAKER"
"79961";"perspectiva";"81";"ARTICLE"
"80018";"amazonas";"81";"ARTICLE"
"269905";"fiocruz";"81";"ABSTRACT"
"270231";"oeste";"81";"ABSTRACT"
"271981";"anos";"80";"ABSTRACT"
"87494";"solo";"80";"ARTICLE"
"88873";"área";"80";"ARTICLE"
"78943";"desenvolvimento";"80";"BOOK"
"81919";"agricultura";"80";"ARTICLE"
"269582";"políticas";"80";"ABSTRACT"
"269567";"vice";"80";"ABSTRACT"
"269250";"social";"79";"ABSTRACT"
"78734";"region";"79";"ARTICLE"
"79700";"functional";"79";"ARTICLE"
"79869";"óleo";"79";"ARTICLE"
"269550";"qualidade";"79";"ABSTRACT"
"268985";"graduado";"79";"ABSTRACT"
"400391";"sul";"78";"SPEAKER"
"268545";"programas";"78";"ABSTRACT"
"268991";"2002";"78";"ABSTRACT"
"268485";"software";"78";"ABSTRACT"
"79485";"solar";"78";"ARTICLE"
"79929";"software";"78";"ARTICLE"
"80755";"norte";"78";"ARTICLE"
"81098";"energy";"78";"ARTICLE"
"85414";"grande";"78";"ARTICLE"
"78565";"industry";"78";"ARTICLE"
"91061";"ethanol";"78";"ARTICLE"
"81290";"brasileiras";"78";"ARTICLE"
"126464";"trypanosoma";"78";"ARTICLE"
"401606";"bahia";"78";"SPEAKER"
"401712";"profnit";"77";"SPEAKER"
"78810";"lei";"77";"ARTICLE"
"86129";"growth";"77";"ARTICLE"
"83962";"determination";"77";"ARTICLE"
"84294";"produced";"77";"ARTICLE"
"78424";"profissional";"77";"ARTICLE"
"269172";"recursos";"77";"ABSTRACT"
"402439";"sustentabilidade";"76";"SPEAKER"
"79752";"containing";"76";"ARTICLE"
"81507";"geográfica";"76";"ARTICLE"
"87248";"impactos";"76";"ARTICLE"
"92593";"structure";"76";"ARTICLE"
"268616";"bolsista";"75";"ABSTRACT"
"272405";"sociedade";"75";"ABSTRACT"
"81328";"impacto";"75";"ARTICLE"
"79196";"sociais";"75";"ARTICLE"
"81038";"biological";"75";"ARTICLE"
"80269";"dados";"75";"ARTICLE"
"87700";"physical";"75";"ARTICLE"
"82685";"experiência";"75";"ARTICLE"
"269194";"sociais";"75";"ABSTRACT"
"269707";"líder";"75";"ABSTRACT"
"268315";"bacharelado";"74";"ABSTRACT"
"268712";"unb";"74";"ABSTRACT"
"85212";"santa";"74";"ARTICLE"
"84838";"roraima";"74";"ARTICLE"
"126482";"leishmania";"74";"ARTICLE"
"81269";"conhecimento";"74";"BOOK_CHAPTER"
"268528";"amazônia";"74";"ABSTRACT"
"400982";"xiii";"73";"SPEAKER"
"268309";"licenciatura";"73";"ABSTRACT"
"269308";"universitário";"73";"ABSTRACT"
"79976";"networks";"73";"ARTICLE"
"89932";"geração";"73";"ARTICLE"
"78654";"extraction";"73";"ARTICLE"
"80191";"research";"73";"ARTICLE"
"401016";"americano";"72";"SPEAKER"
"78709";"método";"72";"ARTICLE"
"80928";"projetos";"72";"ARTICLE"
"88678";"mice";"72";"ARTICLE"
"78593";"biochemical";"72";"ARTICLE"
"82048";"universidade";"72";"BOOK_CHAPTER"
"84069";"low";"72";"ARTICLE"
"79638";"período";"72";"ARTICLE"
"269048";"meio";"72";"ABSTRACT"
"401015";"latino";"71";"SPEAKER"
"269241";"trabalho";"71";"ABSTRACT"
"268406";"modelagem";"71";"ABSTRACT"
"80074";"estratégia";"71";"ARTICLE"
"88326";"applied";"71";"ARTICLE"
"87104";"alagoas";"71";"ARTICLE"
"80579";"município";"71";"BOOK_CHAPTER"
"270002";"2001";"71";"ABSTRACT"
"268593";"capes";"71";"ABSTRACT"
"400781";"empreendedorismo";"70";"SPEAKER"
"401713";"xvi";"70";"SPEAKER"
"78947";"estudos";"70";"BOOK"
"81573";"reflexões";"70";"ARTICLE"
"271855";"biologia";"70";"ABSTRACT"
"89810";"sobre";"70";"BOOK"
"84061";"electrochemical";"70";"ARTICLE"
"89560";"novel";"70";"ARTICLE"
"87767";"rats";"70";"ARTICLE"
"84847";"aprendizagem";"70";"BOOK_CHAPTER"
"83228";"meio";"70";"BOOK_CHAPTER"
"91774";"films";"70";"ARTICLE"
"269254";"dados";"70";"ABSTRACT"
"272572";"bioquímica";"70";"ABSTRACT"
"268628";"avaliação";"70";"ABSTRACT"
"402747";"física";"69";"SPEAKER"
"268897";"período";"69";"ABSTRACT"
"80451";"pós";"69";"ARTICLE"
"85236";"risk";"69";"ARTICLE"
"92904";"crescimento";"69";"ARTICLE"
"91560";"optimization";"69";"ARTICLE"
"79031";"públicas";"69";"BOOK_CHAPTER"
"401835";"biotecnologia";"68";"SPEAKER"
"402263";"rural";"68";"SPEAKER"
"269504";"nível";"68";"ABSTRACT"
"81037";"environmental";"68";"ARTICLE"
"84046";"steel";"68";"ARTICLE"
"79755";"nanoparticles";"68";"ARTICLE"
"78804";"humanos";"68";"ARTICLE"
"96214";"camu";"68";"ARTICLE"
"80356";"superior";"68";"ARTICLE"
"81900";"investigation";"68";"ARTICLE"
"85475";"patients";"68";"ARTICLE"
"79233";"através";"68";"ARTICLE"
"402181";"região";"67";"SPEAKER"
"401865";"estado";"67";"SPEAKER"
"337672";"partir";"67";"PATENT"
"79598";"via";"67";"ARTICLE"
"82272";"rede";"67";"ARTICLE"
"78666";"impact";"67";"ARTICLE"
"84893";"alimentos";"67";"ARTICLE"
"89748";"amapá";"67";"ARTICLE"
"101154";"aqueous";"67";"ARTICLE"
"81272";"sistema";"67";"BOOK_CHAPTER"
"79030";"políticas";"67";"BOOK_CHAPTER"
"83457";"stability";"67";"ARTICLE"
"80193";"extracts";"67";"ARTICLE"
"268407";"computacional";"67";"ABSTRACT"
"268585";"internacional";"67";"ABSTRACT"
"269067";"pernambuco";"67";"ABSTRACT"
"400943";"xvii";"66";"SPEAKER"
"268438";"energia";"66";"ABSTRACT"
"268654";"internacionais";"66";"ABSTRACT"
"78248";"direito";"66";"BOOK_CHAPTER"
"78853";"federal";"66";"BOOK_CHAPTER"
"79754";"oxide";"66";"ARTICLE"
"80952";"micro";"66";"ARTICLE"
"81044";"forest";"66";"ARTICLE"
"81716";"cadeia";"66";"ARTICLE"
"79131";"ciências";"66";"ARTICLE"
"87903";"activities";"66";"ARTICLE"
"78998";"características";"66";"ARTICLE"
"82684";"relato";"66";"ARTICLE"
"88606";"sub";"66";"ARTICLE"
"80142";"formação";"66";"BOOK_CHAPTER"
"81791";"familiar";"66";"ARTICLE"
"269266";"coordenação";"66";"ABSTRACT"
"270356";"ufal";"66";"ABSTRACT"
"400606";"associação";"65";"SPEAKER"
"270885";"atividades";"65";"ABSTRACT"
"269583";"públicas";"65";"ABSTRACT"
"79706";"non";"65";"ARTICLE"
"79964";"redes";"65";"ARTICLE"
"80957";"implantação";"65";"ARTICLE"
"79278";"empreendedorismo";"65";"ARTICLE"
"84714";"planejamento";"65";"ARTICLE"
"82769";"bahia";"65";"BOOK_CHAPTER"
"78629";"drug";"65";"ARTICLE"
"78223";"quot";"65";"BOOK_CHAPTER"
"80562";"efeitos";"65";"ARTICLE"
"79633";"role";"65";"ARTICLE"
"78772";"regional";"65";"ARTICLE"
"81433";"produtos";"65";"ARTICLE"
"269544";"usp";"65";"ABSTRACT"
"400774";"cultura";"64";"SPEAKER"
"400644";"congress";"64";"SPEAKER"
"268743";"university";"64";"ABSTRACT"
"79758";"applications";"64";"ARTICLE"
"79472";"médio";"64";"ARTICLE"
"83017";"oils";"64";"ARTICLE"
"92533";"delivery";"64";"ARTICLE"
"87384";"associated";"64";"ARTICLE"
"88615";"parameters";"64";"ARTICLE"
"94290";"cultura";"64";"ARTICLE"
"269551";"escola";"64";"ABSTRACT"
"273479";"farmácia";"64";"ABSTRACT"
"400343";"direitos";"63";"SPEAKER"
"402077";"federal";"63";"SPEAKER"
"268349";"ufpe";"63";"ABSTRACT"
"271616";"presidente";"63";"ABSTRACT"
"269305";"medicina";"63";"ABSTRACT"
"403248";"conhecimento";"63";"SPEAKER"
"79399";"public";"63";"ARTICLE"
"79967";"obtenção";"63";"ARTICLE"
"80255";"sólidos";"63";"ARTICLE"
"80088";"curso";"63";"ARTICLE"
"82257";"food";"63";"ARTICLE"
"81568";"soja";"63";"ARTICLE"
"85208";"minas";"63";"ARTICLE"
"106268";"alzheimer";"63";"ARTICLE"
"81781";"aplicação";"63";"BOOK_CHAPTER"
"87916";"systematic";"63";"ARTICLE"
"269804";"rural";"63";"ABSTRACT"
"269898";"técnico";"63";"ABSTRACT"
"400490";"políticas";"62";"SPEAKER"
"400488";"desafios";"62";"SPEAKER"
"413626";"vascular";"62";"SPEAKER"
"78502";"nova";"62";"ARTICLE"
"79231";"capital";"62";"ARTICLE"
"82751";"centro";"62";"ARTICLE"
"79743";"desafios";"62";"BOOK_CHAPTER"
"80050";"sustentável";"62";"BOOK_CHAPTER"
"92686";"solid";"62";"ARTICLE"
"268791";"pesquisadora";"62";"ABSTRACT"
"275429";"trabalhos";"62";"ABSTRACT"
"268548";"formação";"62";"ABSTRACT"
"272980";"paraná";"62";"ABSTRACT"
"402562";"alimentos";"61";"SPEAKER"
"97205";"gerais";"61";"ARTICLE"
"85686";"stress";"61";"ARTICLE"
"79301";"proteção";"61";"ARTICLE"
"85424";"data";"61";"ARTICLE"
"82461";"rio";"61";"BOOK_CHAPTER"
"88292";"identification";"61";"ARTICLE"
"85770";"coco";"61";"ARTICLE"
"269032";"sensu";"61";"ABSTRACT"
"270083";"catarina";"61";"ABSTRACT"
"268435";"2000";"61";"ABSTRACT"
"401777";"seminario";"61";"SPEAKER"
"78981";"técnica";"60";"ARTICLE"
"82076";"ciência";"60";"BOOK_CHAPTER"
"80917";"factors";"60";"ARTICLE"
"80953";"pequenas";"60";"ARTICLE"
"85899";"viabilidade";"60";"ARTICLE"
"83627";"ambiental";"60";"BOOK_CHAPTER"
"80064";"organizacional";"60";"ARTICLE"
"78746";"brasileira";"60";"BOOK_CHAPTER"
"78504";"paraná";"60";"ARTICLE"
"99743";"interaction";"60";"ARTICLE"
"80171";"empresas";"60";"BOOK_CHAPTER"
"79664";"knowledge";"60";"ARTICLE"
"270311";"2023";"60";"ABSTRACT"
"269481";"alagoas";"60";"ABSTRACT"
"269173";"naturais";"60";"ABSTRACT"
"269014";"sustentabilidade";"60";"ABSTRACT"
"269825";"chefe";"60";"ABSTRACT"
"400345";"rede";"60";"SPEAKER"
"83444";"recursos";"59";"ARTICLE"
"79026";"trabalho";"59";"BOOK_CHAPTER"
"88106";"composição";"59";"ARTICLE"
"79672";"light";"59";"ARTICLE"
"84161";"comportamento";"59";"ARTICLE"
"78571";"conditions";"59";"ARTICLE"
"79061";"response";"59";"ARTICLE"
"78618";"characteristics";"59";"ARTICLE"
"78505";"tecnologias";"59";"BOOK_CHAPTER"
"84268";"fish";"59";"ARTICLE"
"274683";"molecular";"59";"ABSTRACT"
"270172";"conhecimento";"59";"ABSTRACT"
"272792";"institucional";"59";"ABSTRACT"
"407640";"evento";"58";"SPEAKER"
"79827";"flow";"58";"ARTICLE"
"80959";"produtiva";"58";"ARTICLE"
"86167";"comparison";"58";"ARTICLE"
"98424";"plants";"58";"ARTICLE"
"81661";"municipal";"58";"ARTICLE"
"81914";"time";"58";"ARTICLE"
"79856";"modelagem";"58";"ARTICLE"
"82256";"alternative";"58";"ARTICLE"
"79618";"sistemas";"58";"BOOK_CHAPTER"
"79689";"behavior";"58";"ARTICLE"
"86842";"métodos";"58";"ARTICLE"
"272657";"biológicas";"58";"ABSTRACT"
"270910";"ufrj";"58";"ABSTRACT"
"400646";"symposium";"58";"SPEAKER"
"400568";"política";"58";"SPEAKER"
"403528";"sistemas";"58";"SPEAKER"
"401904";"palestras";"58";"SPEAKER"
"79788";"biomass";"57";"ARTICLE"
"78935";"papel";"57";"ARTICLE"
"82095";"propriedade";"57";"BOOK"
"82096";"intelectual";"57";"BOOK"
"83797";"água";"57";"BOOK_CHAPTER"
"78839";"perspectivas";"57";"ARTICLE"
"99289";"comunidade";"57";"ARTICLE"
"78550";"nordeste";"57";"ARTICLE"
"83259";"sistemática";"57";"ARTICLE"
"113343";"mudas";"57";"ARTICLE"
"78915";"alternativa";"57";"ARTICLE"
"79847";"modeling";"57";"ARTICLE"
"84799";"prática";"57";"ARTICLE"
"268711";"brasília";"57";"ABSTRACT"
"274053";"1997";"57";"ABSTRACT"
"338506";"usos";"57";"PATENT"
"400611";"oeste";"56";"SPEAKER"
"79844";"plant";"56";"ARTICLE"
"80083";"pandemia";"56";"ARTICLE"
"78715";"ácido";"56";"ARTICLE"
"81834";"teoria";"56";"ARTICLE"
"83109";"ionic";"56";"ARTICLE"
"86404";"cell";"56";"ARTICLE"
"81233";"competitividade";"56";"ARTICLE"
"78800";"internacional";"56";"ARTICLE"
"90400";"plantas";"56";"ARTICLE"
"82170";"detection";"56";"ARTICLE"
"85190";"ambientais";"56";"ARTICLE"
"79631";"panorama";"56";"ARTICLE"
"81377";"diagnóstico";"56";"ARTICLE"
"269920";"comissão";"56";"ABSTRACT"
"401075";"acadêmico";"56";"SPEAKER"
"403564";"formação";"56";"SPEAKER"
"400448";"congreso";"55";"SPEAKER"
"78705";"methods";"55";"ARTICLE"
"81170";"novo";"55";"ARTICLE"
"80164";"instituto";"55";"ARTICLE"
"81771";"região";"55";"BOOK_CHAPTER"
"84106";"del";"55";"ARTICLE"
"87225";"casos";"55";"ARTICLE"
"87701";"mixtures";"55";"ARTICLE"
"82200";"comparative";"55";"ARTICLE"
"79142";"instituições";"55";"ARTICLE"
"80320";"tratamento";"55";"BOOK_CHAPTER"
"401525";"seminários";"55";"SPEAKER"
"270377";"produtividade";"55";"ABSTRACT"
"268770";"católica";"55";"ABSTRACT"
"273590";"diretora";"55";"ABSTRACT"
"270048";"geral";"55";"ABSTRACT"
"268935";"desenvolve";"55";"ABSTRACT"
"270000";"empresarial";"55";"ABSTRACT"
"400478";"humanos";"54";"SPEAKER"
"78575";"áreas";"54";"ARTICLE"
"80057";"legal";"54";"ARTICLE"
"79159";"propriedades";"54";"ARTICLE"
"81684";"custos";"54";"ARTICLE"
"79408";"education";"54";"ARTICLE"
"86492";"modelos";"54";"ARTICLE"
"81512";"leite";"54";"ARTICLE"
"82391";"learning";"54";"ARTICLE"
"82253";"organic";"54";"ARTICLE"
"269819";"pró";"54";"ABSTRACT"
"270915";"ufsc";"54";"ABSTRACT"
"401181";"xviii";"54";"SPEAKER"
"269139";"indústria";"54";"ABSTRACT"
"79644";"volume";"53";"BOOK"
"81536";"luz";"53";"ARTICLE"
"90281";"aspergillus";"53";"ARTICLE"
"90217";"inhibitor";"53";"ARTICLE"
"90308";"derivatives";"53";"ARTICLE"
"99163";"changes";"53";"ARTICLE"
"101648";"red";"53";"ARTICLE"
"84157";"parâmetros";"53";"ARTICLE"
"85349";"network";"53";"ARTICLE"
"81021";"floresta";"53";"ARTICLE"
"80226";"serviços";"53";"ARTICLE"
"88144";"nutritional";"53";"ARTICLE"
"83892";"sob";"53";"BOOK_CHAPTER"
"269904";"cruz";"53";"ABSTRACT"
"268451";"matemática";"53";"ABSTRACT"
"402000";"sociologia";"52";"SPEAKER"
"78811";"946";"52";"ARTICLE"
"81635";"contribuição";"52";"ARTICLE"
"82341";"consumo";"52";"ARTICLE"
"86091";"extrato";"52";"ARTICLE"
"80563";"técnicas";"52";"ARTICLE"
"91046";"soybean";"52";"ARTICLE"
"79802";"eficiência";"52";"ARTICLE"
"80013";"comunicação";"52";"ARTICLE"
"85040";"sustentabilidade";"52";"BOOK_CHAPTER"
"271092";"associação";"52";"ABSTRACT"
"268580";"além";"52";"ABSTRACT"
"269211";"interesse";"52";"ABSTRACT"
"338395";"própolis";"52";"PATENT"
"400557";"científico";"52";"SPEAKER"
"400682";"faculdade";"52";"SPEAKER"
"402042";"trabalho";"52";"SPEAKER"
"78904";"econômico";"51";"ARTICLE"
"79750";"hybrid";"51";"ARTICLE"
"81071";"contribuições";"51";"ARTICLE"
"81392";"público";"51";"ARTICLE"
"84166";"aço";"51";"ARTICLE"
"81134";"condições";"51";"ARTICLE"
"84716";"turismo";"51";"ARTICLE"
"85429";"animal";"51";"ARTICLE"
"82737";"estudos";"51";"ARTICLE"
"91807";"corrosion";"51";"ARTICLE"
"79338";"responsabilidade";"51";"ARTICLE"
"100445";"coffee";"51";"ARTICLE"
"78769";"econômica";"51";"ARTICLE"
"80082";"durante";"51";"ARTICLE"
"78476";"direitos";"51";"BOOK_CHAPTER"
"80933";"qualidade";"51";"BOOK_CHAPTER"
"84800";"economia";"51";"BOOK_CHAPTER"
"84265";"obtained";"51";"ARTICLE"
"88969";"empreendedorismo";"51";"BOOK_CHAPTER"
"85214";"anos";"51";"ARTICLE"
"86275";"determinação";"51";"ARTICLE"
"269197";"amazonas";"51";"ABSTRACT"
"272272";"disciplinas";"51";"ABSTRACT"
"268350";"1999";"51";"ABSTRACT"
"269852";"empresa";"51";"ABSTRACT"
"402406";"medicina";"50";"SPEAKER"
"79648";"type";"50";"ARTICLE"
"79870";"diesel";"50";"ARTICLE"
"80890";"estratégias";"50";"ARTICLE"
"80889";"evolução";"50";"ARTICLE"
"78232";"cidade";"50";"BOOK_CHAPTER"
"83810";"mechanical";"50";"ARTICLE"
"88165";"memory";"50";"ARTICLE"
"93160";"jararacussu";"50";"ARTICLE"
"83076";"methyl";"50";"ARTICLE"
"84439";"extensão";"50";"ARTICLE"
"81442";"relationship";"50";"ARTICLE"
"99244";"ambiente";"50";"BOOK_CHAPTER"
"85010";"experiência";"50";"BOOK_CHAPTER"
"78303";"mulheres";"50";"ARTICLE"
"84944";"pesquisa";"50";"BOOK"
"78744";"política";"50";"BOOK_CHAPTER"
"269994";"contabilidade";"50";"ABSTRACT"
"268726";"atual";"50";"ABSTRACT"
"270222";"comunicação";"50";"ABSTRACT"
"268515";"coordena";"50";"ABSTRACT"
"270969";"revista";"50";"ABSTRACT"
"268429";"mecânica";"50";"ABSTRACT"
"270630";"patentes";"50";"ABSTRACT"
"337720";"óleo";"50";"PATENT"
"401769";"sustentável";"50";"SPEAKER"
"403486";"universitária";"50";"SPEAKER"
"401398";"comunicação";"50";"SPEAKER"
"403247";"mostra";"49";"SPEAKER"
"405942";"biologia";"49";"SPEAKER"
"79572";"magnetic";"49";"ARTICLE"
"84386";"ciência";"49";"BOOK"
"80481";"central";"49";"ARTICLE"
"82217";"brasil";"49";"BOOK"
"109019";"photodynamic";"49";"ARTICLE"
"104618";"fungos";"49";"ARTICLE"
"80837";"caracterização";"49";"BOOK_CHAPTER"
"82250";"resíduos";"49";"BOOK_CHAPTER"
"87855";"levels";"49";"ARTICLE"
"271758";"animal";"49";"ABSTRACT"
"269136";"redes";"49";"ABSTRACT"
"401722";"computação";"49";"SPEAKER"
"400491";"sociais";"48";"SPEAKER"
"401402";"oficina";"48";"SPEAKER"
"83442";"monitoramento";"48";"ARTICLE"
"78385";"civil";"48";"ARTICLE"
"81458";"petróleo";"48";"ARTICLE"
"82578";"universidades";"48";"ARTICLE"
"81361";"modelo";"48";"BOOK_CHAPTER"
"85931";"colossoma";"48";"ARTICLE"
"82931";"derived";"48";"ARTICLE"
"92156";"physicochemical";"48";"ARTICLE"
"91579";"sociais";"48";"BOOK_CHAPTER"
"90508";"potencial";"48";"BOOK_CHAPTER"
"78600";"green";"48";"ARTICLE"
"80897";"importância";"48";"BOOK_CHAPTER"
"89343";"bacia";"48";"ARTICLE"
"85930";"tambaqui";"48";"ARTICLE"
"78669";"soil";"48";"ARTICLE"
"78757";"construção";"48";"BOOK_CHAPTER"
"268882";"norte";"48";"ABSTRACT"
"274684";"microbiologia";"48";"ABSTRACT"
"400742";"transferência";"48";"SPEAKER"
"413624";"angiologia";"48";"SPEAKER"
"400450";"tecnologias";"48";"SPEAKER"
"402261";"estadual";"47";"SPEAKER"
"400923";"xix";"47";"SPEAKER"
"78631";"milk";"47";"ARTICLE"
"79080";"inteligência";"47";"ARTICLE"
"79200";"urbana";"47";"ARTICLE"
"87589";"escola";"47";"ARTICLE"
"88911";"climate";"47";"ARTICLE"
"87888";"leaves";"47";"ARTICLE"
"78749";"instrumento";"47";"ARTICLE"
"83222";"industrial";"47";"BOOK_CHAPTER"
"101108";"cancer";"47";"ARTICLE"
"110400";"seeds";"47";"ARTICLE"
"90420";"phase";"47";"ARTICLE"
"143644";"venoms";"47";"ARTICLE"
"81902";"health";"47";"ARTICLE"
"80192";"bioactive";"47";"ARTICLE"
"82305";"sustainable";"47";"ARTICLE"
"84909";"aspectos";"47";"BOOK_CHAPTER"
"80930";"apoio";"47";"ARTICLE"
"79034";"transferência";"47";"BOOK_CHAPTER"
"78659";"identificação";"47";"ARTICLE"
"269490";"1998";"47";"ABSTRACT"
"268968";"prospecção";"47";"ABSTRACT"
"269127";"controle";"47";"ABSTRACT"
"402596";"profissional";"47";"SPEAKER"
"270186";"informática";"47";"ABSTRACT"
"400541";"xxi";"47";"SPEAKER"
"402396";"2013";"47";"SPEAKER"
"400688";"2017";"46";"SPEAKER"
"79751";"support";"46";"ARTICLE"
"83351";"internet";"46";"ARTICLE"
"84440";"cursos";"46";"ARTICLE"
"85358";"catarina";"46";"ARTICLE"
"85720";"alunos";"46";"ARTICLE"
"85932";"macropomum";"46";"ARTICLE"
"85772";"sêmen";"46";"ARTICLE"
"84144";"proteção";"46";"BOOK_CHAPTER"
"88706";"function";"46";"ARTICLE"
"143488";"crotalus";"46";"ARTICLE"
"81089";"oeste";"46";"ARTICLE"
"86219";"tipo";"46";"ARTICLE"
"90865";"professores";"46";"ARTICLE"
"94251";"cultivares";"46";"ARTICLE"
"83994";"material";"46";"ARTICLE"
"269645";"minas";"46";"ABSTRACT"
"268579";"colaborador";"46";"ABSTRACT"
"268707";"técnica";"46";"ABSTRACT"
"269760";"elétrica";"46";"ABSTRACT"
"270007";"contábeis";"46";"ABSTRACT"
"401416";"management";"46";"SPEAKER"
"403803";"sober";"46";"SPEAKER"
"78536";"olhar";"45";"ARTICLE"
"79779";"aplicada";"45";"ARTICLE"
"79764";"plasma";"45";"ARTICLE"
"79969";"virtual";"45";"ARTICLE"
"79818";"simulation";"45";"ARTICLE"
"81727";"municípios";"45";"ARTICLE"
"85583";"therapy";"45";"ARTICLE"
"88308";"propolis";"45";"ARTICLE"
"87968";"preparation";"45";"ARTICLE"
"93272";"genetic";"45";"ARTICLE"
"96250";"purification";"45";"ARTICLE"
"103893";"dye";"45";"ARTICLE"
"82405";"related";"45";"ARTICLE"
"89926";"mart";"45";"ARTICLE"
"87512";"distribuição";"45";"ARTICLE"
"83881";"river";"45";"ARTICLE"
"91065";"aspects";"45";"ARTICLE"
"81561";"práticas";"45";"BOOK_CHAPTER"
"84067";"spectroscopy";"45";"ARTICLE"
"103569";"spp";"45";"ARTICLE"
"80023";"visão";"45";"ARTICLE"
"269579";"responsável";"45";"ABSTRACT"
"268443";"ambientais";"45";"ABSTRACT"
"268736";"estágio";"45";"ABSTRACT"
"338521";"composições";"45";"PATENT"
"401465";"estudantes";"44";"SPEAKER"
"400467";"pública";"44";"SPEAKER"
"401273";"2021";"44";"SPEAKER"
"79508";"geographical";"44";"ARTICLE"
"79111";"power";"44";"ARTICLE"
"79697";"estrutura";"44";"ARTICLE"
"80148";"amazônia";"44";"BOOK"
